Here's a refined proposal for the remaining floors of the QSB Tower, incorporating DeepSeek's feedback, suggestions on distinctive features, color palettes, lighting choices, and window/wall treatments. Each floor aims to enhance the user experience and foster creativity and collaboration among building occupants.

| Floor | Distinctive Object/Installation          | Color Palette        | Signature Lighting                     | Window/Wall Treatment               |
|-------|------------------------------------------|----------------------|---------------------------------------|-------------------------------------|
| F11   | Tech Library (AR reading area)           | Soft Gray, Teal      | Adjustable pendant lights (focus areas) | Large transparent windows with soundproof blinds |
| F12   | Meditation Zone (zen-inspired space)     | Calm Beige, Soft White | Ambient diffused LED lighting       | Textured glass for privacy          |
| F13   | 3D Printing Hub                           | Deep Blue, Silver     | Linear LED ceiling lights            | Sound-absorbent wall treatments     |
| F14   | Gaming Lounge (relaxation and entertainment)| Vibrant Red, White  | Colorful LED strips (dynamic effects) | Interactive screens embedded in walls|
| F15   | Greenhouse Atrium (sustainable farming)  | Nature Greens, Earthy Browns | Natural light maximized through skylights | Walls with recycled materials        |
| F16   | Workshop Studio (hands-on projects)      | Warm Yellow, Steel Gray | Adjustable task lights              | Roll-up glass doors for flexibility |
| F17   | Digital Art Gallery                       | White, Monochrome    | Track lighting for art displays      | Neutral backdrop walls for highlighting art |
| F18   | Sound Booths (recording resources)       | Charcoal, Neon Accents| Acoustic panels complemented with strategic lighting | Soundproof walls with innovative textures |
| F19   | Fitness Studio (yoga and aerobics)       | Aqua Blue, Soft Coral | Soft mood lighting with adjustable levels | Mirrors on walls for open sensation  |
| F20   | Rooftop Observatory                       | Midnight Blue, White  | Fiber optic star ceiling             | Panoramic windows for skyline views  |
| F21   | Culinary Lab (cooking classes)           | Warm Orange, Cream    | Pendant lighting over cooking stations| Easy-clean walls with soundproofing  |
| F22   | Smart Conference Rooms                    | Cool Gray, Navy       | Interactive smart lighting systems   | Adjustable opacity glass for